date,value,available_date
2022-12-01,95.6937799,2023-01-01
2023-01-01,100.0,2023-02-03
2023-02-01,104.5,2023-03-03
2023-03-01,109.2025,2023-04-03
2023-04-01,114.1166125,2023-05-03
2023-05-01,119.25186006,2023-06-03
2023-06-01,124.61819377,2023-07-03
2023-07-01,130.22601248,2023-08-03
2023-08-01,136.08618305,2023-09-03
2023-09-01,142.21006128,2023-10-03
2023-10-01,148.60951404,2023-11-03
2023-11-01,155.29694217,2023-12-03
2023-12-01,162.28530457,2024-01-03
2024-01-01,169.58814328,2024-02-03
2024-02-01,177.21960972,2024-03-03
2024-03-01,185.19449216,2024-04-03
2024-04-01,193.52824431,2024-05-03
2024-05-01,202.2370153,2024-06-03
2024-06-01,211.33768099,2024-07-03
2024-07-01,220.84787664,2024-08-03
2024-08-01,230.78603108,2024-09-03
2024-09-01,241.17140248,2024-10-03
2024-10-01,252.0241156,2024-11-03
2024-11-01,263.3652008,2024-12-03
2024-12-01,275.21663483,2025-01-03
